Airports, Time Slot, Taxi Out Delay
Chippewa County International Airport,Night,33.333333333333336
Falls International Airport,Evening,33.0
John F. Kennedy International Airport (New York International Airport),Evening,30.153411764705883
Sawyer International Airport,Night,29.8
LaGuardia Airport (Marine Air Terminal),Afternoon,27.175826398520574
LaGuardia Airport (Marine Air Terminal),Morning,26.911446269862644
LaGuardia Airport (Marine Air Terminal),Evening,26.791943992506038
Range Regional Airport (Chisholm-Hibbing Airport),Night,26.75
Sloulin Field International Airport,Morning,26.622222222222224
John F. Kennedy International Airport (New York International Airport),Afternoon,26.518492719010183
John F. Kennedy International Airport (New York International Airport),Morning,25.83827070616565
Ithaca Tompkins Regional Airport,Morning,25.153846153846153
Philadelphia International Airport,Evening,24.79885166256546
Mammoth Yosemite Airport,Evening,24.571428571428573
Ithaca Tompkins Regional Airport,Night,24.4
Sloulin Field International Airport,Night,24.19016393442623
Barnstable Municipal Airport,Evening,24.0
Mammoth Yosemite Airport,Morning,23.87878787878788
Minot International Airport,Night,23.66417910447761
Devils Lake Regional Airport,Morning,22.804347826086957
Stewart International Airport,Night,22.6
Durango-La Plata County Airport,Night,22.596153846153847
Brainerd Lakes Regional Airport,Afternoon,22.503937007874015
Eagle County Regional Airport,Morning,22.5
St. Cloud Regional Airport,Morning,22.448275862068964
Falls International Airport,Morning,22.38095238095238
Newark Liberty International Airport,Evening,22.35159362549801
Yellowstone Regional Airport,Night,22.0
Bangor International Airport,Night,22.0
Gunnison-Crested Butte Regional Airport,Morning,21.9
Philadelphia International Airport,Morning,21.754448541199103
Augusta Regional Airport (Bush Field),Evening,21.575079872204473
Yellowstone Regional Airport,Morning,21.417355371900825
Kalamazoo/Battle Creek International Airport,Night,21.32857142857143
Redding Municipal Airport,Night,21.153125
Gen. Edward Lawrence Logan International Airport,Evening,21.113476643241007
City of Colorado Springs Municipal Airport,Night,21.055276381909547
Elmira/Corning Regional Airport,Night,20.949640287769785
Ford Airport,Night,20.81447963800905
Houghton County Memorial Airport,Evening,20.666666666666668
Chicago O'Hare International Airport,Afternoon,20.596751588688157
Rhinelander-Oneida County Airport,Morning,20.573619631901842
Chippewa County International Airport,Morning,20.44407894736842
Ford Airport,Morning,20.27777777777778
Charlotte Douglas International Airport,Morning,20.245437494417814
Falls International Airport,Night,20.20769230769231
Newark Liberty International Airport,Morning,20.191748171282978
Philadelphia International Airport,Afternoon,20.160335977601495
Duluth International Airport,Night,20.13877551020408
Pellston Regional Airport of Emmet County,Morning,20.12863070539419
Chicago O'Hare International Airport,Evening,20.11349797714239
Bozeman Yellowstone International Airport (Gallatin Field Airport),Night,20.11023622047244
Houghton County Memorial Airport,Morning,20.076923076923077
City of Colorado Springs Municipal Airport,Morning,20.07536484426051
Gen. Edward Lawrence Logan International Airport,Morning,19.96964028128381
Greater Binghamton Airport,Night,19.88888888888889
Gen. Edward Lawrence Logan International Airport,Afternoon,19.824537374326095
Ronald Reagan Washington National Airport,Evening,19.80851063829787
Yampa Valley Airport (Yampa Valley Regional),Evening,19.678571428571427
Jackson Hole Airport,Morning,19.627490039840637
Charlotte Douglas International Airport,Evening,19.619687307804355
Ithaca Tompkins Regional Airport,Afternoon,19.555555555555557
John F. Kennedy International Airport (New York International Airport),Night,19.53811289658014
Redding Municipal Airport,Morning,19.5
Minot International Airport,Morning,19.356508875739646
Miami International Airport,Evening,19.33242239207481
Grand Forks International Airport,Morning,19.29657794676806
Charlotte Douglas International Airport,Afternoon,19.25273423259205
Yampa Valley Airport (Yampa Valley Regional),Morning,19.241935483870968
Rhinelander-Oneida County Airport,Afternoon,19.21951219512195
Rogue Valley International Airport,Night,19.164021164021165
Pueblo Memorial Airport,Evening,19.125
Flagstaff Pulliam Airport,Morning,19.12280701754386
Newark Liberty International Airport,Afternoon,19.072438013032073
Ronald Reagan Washington National Airport,Afternoon,19.06411026815894
Helena Regional Airport,Night,19.0521327014218
Grand Forks International Airport,Evening,19.0
Rapid City Regional Airport,Night,18.98165137614679
Washington Dulles International Airport,Afternoon,18.884700159610855
Meadows Field,Night,18.879213483146067
Salt Lake City International Airport,Morning,18.759970083072897
Range Regional Airport (Chisholm-Hibbing Airport),Morning,18.747634069400632
Montrose Regional Airport,Morning,18.743961352657006
Jackson Hole Airport,Evening,18.70175438596491
Duluth International Airport,Afternoon,18.689938398357288
Melbourne International Airport,Evening,18.644927536231883
Rock Springs-Sweetwater County Airport,Morning,18.511627906976745
City of Colorado Springs Municipal Airport,Evening,18.49532710280374
South Bend International Airport (South Bend Regional),Morning,18.470007892659826
Detroit Metropolitan Airport,Morning,18.463068423289418
Ronald Reagan Washington National Airport,Morning,18.431389396054847
Devils Lake Regional Airport,Night,18.407035175879397
Washington Dulles International Airport,Evening,18.398307134220072
Tri-Cities Airport,Night,18.372693726937268
Nantucket Memorial Airport,Evening,18.372093023255815
San Francisco International Airport,Morning,18.36697806274853
Greater Binghamton Airport,Morning,18.341772151898734
Delta County Airport,Evening,18.333333333333332
MBS International Airport,Night,18.333333333333332
Joplin Regional Airport,Night,18.303571428571427
Grand Forks International Airport,Night,18.2972972972973
Flagstaff Pulliam Airport,Evening,18.292517006802722
University Park Airport,Night,18.285714285714285
Detroit Metropolitan Airport,Evening,18.283977544963708
Central Nebraska Regional Airport,Morning,18.27433628318584
Chippewa County International Airport,Afternoon,18.256140350877192
Bemidji Regional Airport,Morning,18.25
South Bend International Airport (South Bend Regional),Night,18.247148288973385
Sloulin Field International Airport,Afternoon,18.21602787456446
Hector International Airport,Morning,18.20826061663758
Sioux Falls Regional Airport,Morning,18.1781104801239
Minneapolis-Saint Paul International Airport,Evening,18.1557879288204
Syracuse Hancock International Airport,Night,18.149359886201992
Hartsfield-Jackson Atlanta International Airport,Evening,18.13176349359311
Bismarck Municipal Airport,Morning,18.114864864864863
Sioux Falls Regional Airport,Night,18.1
Chicago O'Hare International Airport,Morning,18.09318708183222
Burlington International Airport,Night,18.06496062992126
George Bush Intercontinental Airport,Morning,18.060849693570166
Detroit Metropolitan Airport,Afternoon,18.016547734762096
Devils Lake Regional Airport,Evening,18.0
Greater Binghamton Airport,Evening,18.0
Miami International Airport,Morning,17.996096291476903
Gen. Edward Lawrence Logan International Airport,Night,17.99039739991136
Miami International Airport,Afternoon,17.948257372654155
Evansville Regional Airport,Night,17.942446043165468
Fresno Yosemite International Airport,Evening,17.92820512820513
Seattle-Tacoma International Airport,Morning,17.920361065409757
Bemidji Regional Airport,Night,17.90967741935484
Columbia Regional Airport,Morning,17.897435897435898
George Bush Intercontinental Airport,Afternoon,17.88727782974743
Sawyer International Airport,Afternoon,17.857142857142858
General Wayne A. Downing Peoria International Airport,Night,17.839726027397262
The Eastern Iowa Airport,Night,17.82112068965517
Phoenix Sky Harbor International Airport,Morning,17.8151827022944
LaGuardia Airport (Marine Air Terminal),Night,17.77319587628866
Los Angeles International Airport,Night,17.75882412775913
Minneapolis-Saint Paul International Airport,Morning,17.749460305139834
Chippewa Valley Regional Airport,Night,17.70689655172414
Great Falls International Airport,Night,17.675105485232066
San Francisco International Airport,Evening,17.6741146482998
Dubuque Regional Airport,Evening,17.666666666666668
Brainerd Lakes Regional Airport,Night,17.661417322834644
Capital Region International Airport ( Lansing Capital City),Morning,17.621809744779583
Fort Wayne International Airport,Morning,17.58254033926355
Dallas/Fort Worth International Airport,Morning,17.539598391497176
San Francisco International Airport,Afternoon,17.527942685798234
Glacier Park International Airport,Morning,17.52781954887218
Aberdeen Regional Airport,Afternoon,17.5258358662614
Duluth International Airport,Morning,17.516216216216215
George Bush Intercontinental Airport,Evening,17.504889805243653
Los Angeles International Airport,Morning,17.47228324441528
McClellan-Palomar Airport,Night,17.44776119402985
Asheville Regional Airport,Evening,17.41528239202658
Asheville Regional Airport,Morning,17.406666666666666
Grand Forks International Airport,Afternoon,17.406015037593985
Harrisburg International Airport,Night,17.386861313868614
Cincinnati/Northern Kentucky International Airport,Night,17.33295194508009
Missoula International Airport,Night,17.23826714801444
Westchester County Airport,Night,17.229665071770334
Erie International Airport,Night,17.16842105263158
Dallas/Fort Worth International Airport,Evening,17.165871622356544
Hartsfield-Jackson Atlanta International Airport,Afternoon,17.13162963310941
Piedmont Triad International Airport,Evening,17.098122866894197
Dothan Regional Airport,Afternoon,17.096153846153847
Hartsfield-Jackson Atlanta International Airport,Morning,17.088793676590086
Nantucket Memorial Airport,Afternoon,17.08595988538682
Springfield-Branson National Airport,Night,17.082910321489003
Houghton County Memorial Airport,Night,17.079245283018867
Dallas/Fort Worth International Airport,Afternoon,17.07024420345336
Westchester County Airport,Afternoon,17.06679920477137
Pellston Regional Airport of Emmet County,Night,17.04605263157895
Appleton International Airport,Night,17.027272727272727
Denver International Airport,Morning,17.020432187000758
Salt Lake City International Airport,Evening,17.005160450997398
Brunswick Golden Isles Airport,Evening,17.0
Pocatello Regional Airport,Night,17.0
Ithaca Tompkins Regional Airport,Evening,17.0
Gunnison-Crested Butte Regional Airport,Evening,17.0
Piedmont Triad International Airport,Afternoon,16.995348837209303
Hector International Airport,Night,16.965317919075144
Missoula International Airport,Morning,16.962745098039214
Burlington International Airport,Evening,16.956349206349206
Elmira/Corning Regional Airport,Morning,16.936575052854124
Plattsburgh International Airport,Afternoon,16.927272727272726
Huntsville International Airport,Night,16.927027027027027
Falls International Airport,Afternoon,16.91810344827586
Dothan Regional Airport,Evening,16.91111111111111
Muskegon County Airport,Morning,16.907801418439718
Aspen-Pitkin County Airport,Morning,16.89811320754717
McGhee Tyson Airport,Evening,16.88125
Gillette-Campbell County Airport,Morning,16.86549707602339
City of Colorado Springs Municipal Airport,Afternoon,16.8474025974026
Los Angeles International Airport,Afternoon,16.828950231589417
Waterloo Regional Airport,Morning,16.82648401826484
Aberdeen Regional Airport,Morning,16.80952380952381
Burlington International Airport,Afternoon,16.804587155963304
Huntsville International Airport,Morning,16.80267214799589
Minneapolis-Saint Paul International Airport,Afternoon,16.791102123356925
Pellston Regional Airport of Emmet County,Afternoon,16.7864406779661
Dickinson Theodore Roosevelt Regional Airport,Morning,16.781456953642383
Chippewa County International Airport,Evening,16.75
Asheville Regional Airport,Night,16.72566371681416
Fairbanks International Airport,Morning,16.70189701897019
Rock Springs-Sweetwater County Airport,Night,16.686363636363637
Newark Liberty International Airport,Night,16.6809220503488
Wilmington Airport,Morning,16.676470588235293
Bert Mooney Airport,Evening,16.666666666666668
Salt Lake City International Airport,Afternoon,16.65243207581119
Chippewa Valley Regional Airport,Morning,16.644927536231883
Bemidji Regional Airport,Afternoon,16.6404833836858
Yampa Valley Airport (Yampa Valley Regional),Afternoon,16.616525423728813
Lea County Regional Airport,Night,16.6
Sioux Gateway Airport,Morning,16.598958333333332
Sloulin Field International Airport,Evening,16.568807339449542
Mammoth Yosemite Airport,Afternoon,16.559139784946236
Erie International Airport,Morning,16.55367231638418
Fresno Yosemite International Airport,Night,16.54420731707317
Santa Maria Public Airport (Capt G. Allan Hancock Field),Night,16.540084388185655
Minneapolis-Saint Paul International Airport,Night,16.528377032857616
South Bend International Airport (South Bend Regional),Evening,16.493506493506494
Yellowstone Regional Airport,Evening,16.466666666666665
Syracuse Hancock International Airport,Afternoon,16.441061670569866
Alpena County Regional Airport,Evening,16.433333333333334
Range Regional Airport (Chisholm-Hibbing Airport),Afternoon,16.41322314049587
Savannah/Hilton Head International Airport,Evening,16.39095744680851
Fresno Yosemite International Airport,Morning,16.390006093845216
San Diego International Airport (Lindbergh Field),Morning,16.379563952538163
Lake Charles Regional Airport,Night,16.35185185185185
James M. Cox Dayton International Airport,Morning,16.350045303533676
Augusta Regional Airport (Bush Field),Morning,16.349240780911064
James M. Cox Dayton International Airport,Night,16.342105263157894
Ford Airport,Afternoon,16.332326283987914
Bozeman Yellowstone International Airport (Gallatin Field Airport),Morning,16.315315315315317
Grand Junction Regional Airport (Walker Field),Morning,16.311276164753544
Salt Lake City International Airport,Night,16.30428249436514
Syracuse Hancock International Airport,Morning,16.269991755976918
Seattle-Tacoma International Airport,Afternoon,16.230761952819478
Chicago O'Hare International Airport,Night,16.21928133216477
Miami International Airport,Night,16.148373983739837
Los Angeles International Airport,Evening,16.14327914187547
MBS International Airport,Morning,16.110416666666666
Honolulu International Airport,Afternoon,16.092388275938927
Burlington International Airport,Morning,16.073500967117987
Eugene Airport (Mahlon Sweet Field),Night,16.062193126022912
Blue Grass Airport,Morning,16.04952380952381
Boise Airport (Boise Air Terminal),Night,16.042402826855124
Green Bay-Austin Straubel International Airport,Night,16.03548387096774
South Bend International Airport (South Bend Regional),Afternoon,16.009693053311793
Spokane International Airport,Night,16.007446016381238
Aspen-Pitkin County Airport,Evening,16.006920415224915
Houghton County Memorial Airport,Afternoon,16.006410256410255
Brainerd Lakes Regional Airport,Morning,16.005050505050505
Sawyer International Airport,Evening,16.0
Dickinson Theodore Roosevelt Regional Airport,Evening,16.0
Denver International Airport,Evening,15.97571822634216
Asheville Regional Airport,Afternoon,15.962591240875913
Syracuse Hancock International Airport,Evening,15.923818707810993
Honolulu International Airport,Evening,15.908765315739869
Northwest Florida Beaches International Airport,Night,15.903726708074535
Springfield-Branson National Airport,Morning,15.890984534138061
Laramie Regional Airport,Morning,15.877697841726619
Wilkes-Barre/Scranton International Airport,Morning,15.873983739837398
Dickinson Theodore Roosevelt Regional Airport,Afternoon,15.87027027027027
Evansville Regional Airport,Afternoon,15.870259481037925
Great Falls International Airport,Evening,15.85
Seattle-Tacoma International Airport,Evening,15.847878390201226
Tri-Cities Regional Airport,Night,15.818181818181818
Evansville Regional Airport,Morning,15.816893424036282
Hector International Airport,Afternoon,15.81057650628522
Charlotte Douglas International Airport,Night,15.807134220072552
Yeager Airport,Morning,15.806996381182147
Quad City International Airport,Night,15.806981519507186
Westchester County Airport,Morning,15.800783604581072
Minot International Airport,Afternoon,15.78799019607843
Sioux Gateway Airport,Night,15.78125
Capital Region International Airport ( Lansing Capital City),Night,15.75
Daytona Beach International Airport,Evening,15.75
Aberdeen Regional Airport,Night,15.70684039087948
Dallas/Fort Worth International Airport,Night,15.706275421266705
Stewart International Airport,Evening,15.679487179487179
Santa Maria Public Airport (Capt G. Allan Hancock Field),Evening,15.666666666666666
Fort Lauderdale-Hollywood International Airport,Afternoon,15.661700070323487
Dane County Regional Airport,Night,15.65296803652968
Northwest Arkansas Regional Airport,Night,15.648979591836735
Charleston International Airport/Charleston AFB,Evening,15.647021140294683
Great Falls International Airport,Morning,15.64406779661017
Norman Y. Mineta San José International Airport,Night,15.63265306122449
Helena Regional Airport,Morning,15.630952380952381
Elmira/Corning Regional Airport,Afternoon,15.622485207100592
Yellowstone Regional Airport,Afternoon,15.61734693877551
Montgomery Regional Airport,Morning,15.604201680672269
Richmond International Airport,Evening,15.597636176772868
Piedmont Triad International Airport,Morning,15.590352220520673
Meadows Field,Morning,15.58094262295082
Columbia Regional Airport,Night,15.580756013745704
Richmond International Airport,Afternoon,15.561279523898085
Juneau International Airport,Morning,15.555622009569378
Appleton International Airport,Afternoon,15.518446601941747
Raleigh-Durham International Airport,Evening,15.514979639325189
Detroit Metropolitan Airport,Night,15.511943189154293
General Wayne A. Downing Peoria International Airport,Morning,15.506435366536094
Santa Barbara Municipal Airport (Santa Barbara Airport),Morning,15.4990990990991
Greenville-Spartanburg International Airport,Night,15.495126705653021
Appleton International Airport,Morning,15.492099322799097
McCarran International Airport,Afternoon,15.47731733428495
Palm Springs International Airport,Night,15.474164133738602
Roanoke Regional Airport (Woodrum Field),Afternoon,15.465538089480049
Rapid City Regional Airport,Morning,15.464712918660288
San Luis Obispo County Regional Airport (McChesney Field),Evening,15.44104134762634
Memphis International Airport,Afternoon,15.438378488490528
Monterey Regional Airport (Monterey Peninsula Airport),Evening,15.43765903307888
Sioux Gateway Airport,Evening,15.428571428571429
Cincinnati/Northern Kentucky International Airport,Morning,15.42835190165194
Bismarck Municipal Airport,Night,15.422594142259415
Sioux Falls Regional Airport,Afternoon,15.416868637905962
Durango-La Plata County Airport,Evening,15.416666666666666
Jackson Hole Airport,Afternoon,15.402977139819246
Washington Dulles International Airport,Morning,15.396100379129807
Tri-Cities Regional Airport,Afternoon,15.386066763425253
Eagle County Regional Airport,Afternoon,15.380102040816327
Capital Region International Airport ( Lansing Capital City),Evening,15.379661016949152
Fort Lauderdale-Hollywood International Airport,Evening,15.365462044584111
Flagstaff Pulliam Airport,Afternoon,15.364071856287426
Richmond International Airport,Morning,15.360598729966737
Lafayette Regional Airport,Night,15.357142857142858
Augusta Regional Airport (Bush Field),Afternoon,15.355726872246697
Santa Fe Municipal Airport,Morning,15.351233671988389
Chattanooga Metropolitan Airport (Lovell Field),Morning,15.344727694090382
Idaho Falls Regional Airport,Morning,15.34060606060606
Tri-Cities Regional Airport,Evening,15.339130434782609
Bangor International Airport,Morning,15.336405529953916
General Mitchell International Airport,Night,15.323489932885906
Destin-Fort Walton Beach Airport/Eglin AFB,Afternoon,15.302436693741042
Richmond International Airport,Night,15.289473684210526
Tri-Cities Airport,Morning,15.284552845528456
The Eastern Iowa Airport,Morning,15.258464079273327
Santa Barbara Municipal Airport (Santa Barbara Airport),Night,15.250965250965251
Roanoke Regional Airport (Woodrum Field),Night,15.25
Central Wisconsin Airport,Night,15.248502994011975
Eppley Airfield,Night,15.244964262508121
Bismarck Municipal Airport,Afternoon,15.243737305348679
Tri-Cities Regional Airport,Morning,15.235655737704919
Jackson-Evers International Airport,Night,15.202083333333333
Denver International Airport,Night,15.195396748752616
Durango-La Plata County Airport,Morning,15.18191056910569
Northwest Arkansas Regional Airport,Morning,15.180662329982258
Bishop International Airport,Night,15.167832167832168
Bangor International Airport,Afternoon,15.1651376146789
Manhattan Regional Airport,Night,15.14828897338403
Jamestown Regional Airport,Morning,15.145038167938932
James M. Cox Dayton International Airport,Evening,15.142682180036742
Orlando International Airport,Afternoon,15.134267167748549
Greater Rochester International Airport,Morning,15.130212143379664
Palm Springs International Airport,Morning,15.12951219512195
Fairbanks International Airport,Night,15.108609271523179
Albany International Airport,Night,15.100290697674419
Gerald R. Ford International Airport,Morning,15.079477782867613
Tri-Cities Airport,Evening,15.071428571428571
Hector International Airport,Evening,15.05070754716981
Roanoke Regional Airport (Woodrum Field),Evening,15.044943820224718
George Bush Intercontinental Airport,Night,15.03440670489634
Huntsville International Airport,Evening,15.033259423503326
Wichita Falls Municipal Airport/Sheppard AFB,Night,15.021929824561404
Friedman Memorial Airport,Afternoon,15.015113350125944
Savannah/Hilton Head International Airport,Morning,15.01296111665005
Rochester International Airport,Afternoon,15.001986097318769
Seattle-Tacoma International Airport,Night,15.00049504950495
St. Cloud Regional Airport,Evening,15.0
Valdosta Regional Airport,Evening,15.0
Dickinson Theodore Roosevelt Regional Airport,Night,14.971223021582734
Brunswick Golden Isles Airport,Morning,14.966592427616927
Rogue Valley International Airport,Morning,14.947949526813881
Glacier Park International Airport,Afternoon,14.940517241379311
Harrisburg International Airport,Morning,14.939151813153043
San Francisco International Airport,Night,14.933050447901934
Orlando International Airport,Evening,14.929912484105019
Waterloo Regional Airport,Night,14.926315789473684
Rochester International Airport,Morning,14.919925512104284
Yuma International Airport,Morning,14.91474245115453
Minot International Airport,Evening,14.912371134020619
Cleveland Hopkins International Airport,Night,14.912080536912752
Arnold Palmer Regional Airport,Morning,14.911904761904761
Monterey Regional Airport (Monterey Peninsula Airport),Afternoon,14.910592808551993
Portland International Jetport,Morning,14.90979020979021
Cleveland Hopkins International Airport,Morning,14.896570384901576
Sioux Falls Regional Airport,Evening,14.886657101865136
Del Norte County Airport (Jack McNamara Field),Night,14.884615384615385
Sawyer International Airport,Morning,14.882978723404255
Baltimore-Washington International Airport,Morning,14.87947182557961
Roanoke Regional Airport (Woodrum Field),Morning,14.861483467381591
Daytona Beach International Airport,Morning,14.833333333333334
Gillette-Campbell County Airport,Night,14.831858407079647
Devils Lake Regional Airport,Afternoon,14.827272727272728
Denver International Airport,Afternoon,14.824352414454749
Blue Grass Airport,Evening,14.820384294068505
Charlottesville-Albemarle Airport,Night,14.817518248175183
Quad City International Airport,Morning,14.809418690213393
Melbourne International Airport,Afternoon,14.799635701275045
Golden Triangle Regional Airport,Morning,14.79
Chattanooga Metropolitan Airport (Lovell Field),Afternoon,14.785623409669212
Destin-Fort Walton Beach Airport/Eglin AFB,Morning,14.764770844837107
Stewart International Airport,Afternoon,14.754716981132075
Louisville International Airport (Standiford Field),Evening,14.75233644859813
Jamestown Regional Airport,Evening,14.748837209302325
Cherry Capital Airport,Morning,14.736354273944388
Blue Grass Airport,Night,14.732342007434944
Columbia Metropolitan Airport,Afternoon,14.731360946745562
Fort Wayne International Airport,Night,14.730870712401055
Brunswick Golden Isles Airport,Afternoon,14.727047146401985
McCarran International Airport,Morning,14.723983437732244
Santa Maria Public Airport (Capt G. Allan Hancock Field),Afternoon,14.721854304635762
Daytona Beach International Airport,Afternoon,14.71979865771812
Birmingham-Shuttlesworth International Airport,Night,14.717857142857143
Des Moines International Airport,Night,14.714705882352941
Memphis International Airport,Morning,14.700603434937335
Glacier Park International Airport,Night,14.690140845070422
Rapid City Regional Airport,Afternoon,14.68362480127186
McGhee Tyson Airport,Morning,14.681611632838534
Fort Lauderdale-Hollywood International Airport,Morning,14.679255772580705
Port Columbus International Airport,Morning,14.677221983683985
Delta County Airport,Night,14.673553719008265
John Wayne Airport (Orange County Airport),Morning,14.671866190565684
Savannah/Hilton Head International Airport,Afternoon,14.67093869068237
Brainerd Lakes Regional Airport,Evening,14.666666666666666
Montrose Regional Airport,Night,14.666666666666666
General Mitchell International Airport,Morning,14.665972096394274
Louisville International Airport (Standiford Field),Morning,14.659822419533851
Juneau International Airport,Afternoon,14.656741108354012
Raleigh-Durham International Airport,Morning,14.636696955204846
Wilkes-Barre/Scranton International Airport,Night,14.634686346863468
Idaho Falls Regional Airport,Night,14.621621621621621
Grand Junction Regional Airport (Walker Field),Evening,14.61038961038961
Lehigh Valley International Airport,Night,14.603053435114504
Capital Region International Airport ( Lansing Capital City),Afternoon,14.589411764705883
Charleston International Airport/Charleston AFB,Afternoon,14.586437029063509
Cherry Capital Airport,Afternoon,14.58538812785388
Bellingham International Airport,Morning,14.571984435797665
Redmond Municipal Airport (Roberts Field),Night,14.556851311953352
Ronald Reagan Washington National Airport,Night,14.555443208628244
Cincinnati/Northern Kentucky International Airport,Evening,14.554604409857328
Indianapolis International Airport,Night,14.554558011049723
Wichita Dwight D. Eisenhower National Airport (Wichita Mid-Continent Airport),Night,14.55421686746988
St. Cloud Regional Airport,Afternoon,14.553191489361701
Gerald R. Ford International Airport,Evening,14.549935149156939
Hartsfield-Jackson Atlanta International Airport,Night,14.544979469951475
Philadelphia International Airport,Night,14.540476190476191
Joplin Regional Airport,Morning,14.535433070866143
Akron-Canton Regional Airport,Morning,14.528735632183908
Pittsburgh International Airport,Morning,14.527490578799885
Grand Junction Regional Airport (Walker Field),Night,14.516778523489933
Cyril E. King Airport,Afternoon,14.514710342735821
Huntsville International Airport,Afternoon,14.501207729468598
Rhinelander-Oneida County Airport,Night,14.5
Palm Beach International Airport,Afternoon,14.49264446275156
Midland International Airport,Night,14.491295938104448
Delta County Airport,Morning,14.485714285714286
St. George Regional Airport,Evening,14.4822695035461
Natrona County International Airport,Night,14.480938416422287
Monroe Regional Airport,Night,14.478510028653295
Indianapolis International Airport,Morning,14.477725423002784
Rochester International Airport,Night,14.475409836065573
Natrona County International Airport,Morning,14.473262032085561
Greater Rochester International Airport,Night,14.467676767676767
Eugene Airport (Mahlon Sweet Field),Morning,14.466725043782837
Norfolk International Airport,Evening,14.46644844517185
St. George Regional Airport,Morning,14.463065049614112
Reno/Tahoe International Airport,Night,14.454545454545455
Kalamazoo/Battle Creek International Airport,Morning,14.444606413994169
Columbia Metropolitan Airport,Morning,14.444295900178252
Raleigh-Durham International Airport,Afternoon,14.440368811385047
Montrose Regional Airport,Afternoon,14.438240270727581
Meadows Field,Afternoon,14.427240977881258
Tulsa International Airport,Night,14.417233560090702
Toledo Express Airport,Morning,14.40548780487805
Spokane International Airport,Morning,14.401692524682652
Kansas City International Airport,Night,14.393454545454546
La Crosse Regional Airport,Night,14.383333333333333
Greater Rochester International Airport,Afternoon,14.370031796502385
Mobile Regional Airport,Night,14.358778625954198
Dothan Regional Airport,Morning,14.354107648725213
Washington Dulles International Airport,Night,14.352027610008628
University Park Airport,Evening,14.350877192982455
Ontario International Airport,Night,14.33596837944664
Albany International Airport,Morning,14.317130405631914
Jamestown Regional Airport,Night,14.31578947368421
Chattanooga Metropolitan Airport (Lovell Field),Night,14.313953488372093
Pensacola International Airport (Pensacola Gulf Coast Regional Airport),Night,14.310256410256411
Wichita Dwight D. Eisenhower National Airport (Wichita Mid-Continent Airport),Morning,14.301954397394137
Gerald R. Ford International Airport,Night,14.295902883156298
Baltimore-Washington International Airport,Night,14.294689119170984
Southwest Florida International Airport,Night,14.279111111111112
Lafayette Regional Airport,Morning,14.275026343519494
McGhee Tyson Airport,Afternoon,14.26003276003276
Coastal Carolina Regional Airport (Craven County Regional),Evening,14.25
Boise Airport (Boise Air Terminal),Morning,14.24188903820311
Greater Rochester International Airport,Evening,14.23
Will Rogers World Airport,Night,14.228915662650602
Harrisburg International Airport,Evening,14.213213213213214
Charlottesville-Albemarle Airport,Afternoon,14.203407880724175
Fresno Yosemite International Airport,Afternoon,14.198382126348228
Northwest Arkansas Regional Airport,Afternoon,14.196712328767124
Phoenix Sky Harbor International Airport,Evening,14.194333027733212
Santa Barbara Municipal Airport (Santa Barbara Airport),Afternoon,14.187919463087248
Dane County Regional Airport,Morning,14.186022253129346
Lincoln Airport (Lincoln Municipal),Afternoon,14.184031158714703
Rogue Valley International Airport,Evening,14.18125
Nashville International Airport,Night,14.171001926782274
Trenton Mercer Airport,Evening,14.16183574879227
Del Norte County Airport (Jack McNamara Field),Morning,14.157894736842104
Muskegon County Airport,Afternoon,14.146067415730338
Reno/Tahoe International Airport,Evening,14.142998027613412
Portland International Jetport,Night,14.130578512396694
Rhinelander-Oneida County Airport,Evening,14.128113879003559
Northwest Arkansas Regional Airport,Evening,14.12541806020067
Des Moines International Airport,Morning,14.116719242902208
Albert J. Ellis Airport,Evening,14.115789473684211
Memphis International Airport,Night,14.109507640067912
Albert J. Ellis Airport,Morning,14.101492537313433
Jack Brooks Regional Airport (Southeast Texas Regional),Night,14.091549295774648
Fort Wayne International Airport,Afternoon,14.087028824833704
Trenton Mercer Airport,Morning,14.081264108352144
Baltimore-Washington International Airport,Evening,14.080962705984389
Luis Muñoz Marín International Airport,Afternoon,14.07785763175907
Bradley International Airport,Morning,14.075483546847526
Pellston Regional Airport of Emmet County,Evening,14.071428571428571
Glacier Park International Airport,Evening,14.068965517241379
Tallahassee International Airport,Evening,14.067307692307692
Cedar City Regional Airport,Afternoon,14.058823529411764
Destin-Fort Walton Beach Airport/Eglin AFB,Night,14.049568965517242
Cincinnati/Northern Kentucky International Airport,Afternoon,14.041131476403521
Eppley Airfield,Morning,14.039962240402769
Tallahassee International Airport,Afternoon,14.039082412914189
Abraham Lincoln Capital Airport,Night,14.030848329048844
Piedmont Triad International Airport,Night,14.030303030303031
Pensacola International Airport (Pensacola Gulf Coast Regional Airport),Afternoon,14.028297362110312
Jacksonville International Airport,Afternoon,14.027875175315568
Elmira/Corning Regional Airport,Evening,14.025974025974026
Central Wisconsin Airport,Morning,14.025157232704403
Monterey Regional Airport (Monterey Peninsula Airport),Night,14.012738853503185
Westchester County Airport,Evening,14.009174311926605
Birmingham-Shuttlesworth International Airport,Afternoon,14.005763688760807
Lincoln Airport (Lincoln Municipal),Morning,13.991951710261569
Norfolk International Airport,Morning,13.991390555700496
Arcata Airport,Night,13.979253112033195
Juneau International Airport,Night,13.971830985915492
Niagara Falls International Airport,Afternoon,13.97
Barkley Regional Airport,Night,13.966101694915254
Rapid City Regional Airport,Evening,13.962025316455696
Honolulu International Airport,Morning,13.950881819680237
Duluth International Airport,Evening,13.943298969072165
Orlando International Airport,Morning,13.93879439185823
Yeager Airport,Evening,13.919431279620854
Portland International Jetport,Evening,13.917785234899329
Green Bay-Austin Straubel International Airport,Morning,13.91240105540897
Blue Grass Airport,Afternoon,13.910432569974555
Palm Springs International Airport,Afternoon,13.91008018327606
Jacksonville International Airport,Evening,13.908689655172413
Springfield-Branson National Airport,Evening,13.90253411306043
McCarran International Airport,Evening,13.896841705921407
Orlando International Airport,Night,13.887258687258687
Fort Lauderdale-Hollywood International Airport,Night,13.8863361547763
San Luis Obispo County Regional Airport (McChesney Field),Morning,13.885135135135135
Stewart International Airport,Morning,13.879464285714286
Manchester-Boston Regional Airport,Afternoon,13.877764842840513
Wilmington International Airport,Morning,13.876528117359413
Rogue Valley International Airport,Afternoon,13.863423760523855
Trenton Mercer Airport,Night,13.862903225806452
Eagle County Regional Airport,Evening,13.858407079646017
Bradley International Airport,Evening,13.855569155446757
Lehigh Valley International Airport,Morning,13.852906287069988
Louisville International Airport (Standiford Field),Afternoon,13.847030303030303
James M. Cox Dayton International Airport,Afternoon,13.846558988764045
Kalamazoo/Battle Creek International Airport,Evening,13.845637583892618
Abraham Lincoln Capital Airport,Evening,13.840909090909092
Redmond Municipal Airport (Roberts Field),Evening,13.839805825242719
Abraham Lincoln Capital Airport,Morning,13.837696335078535
Central Illinois Regional Airport at Bloomington-Normal,Night,13.82995951417004
Gunnison-Crested Butte Regional Airport,Afternoon,13.828985507246378
Plattsburgh International Airport,Night,13.815315315315315
Gerald R. Ford International Airport,Afternoon,13.811776547559134
Gainesville Regional Airport,Morning,13.80995024875622
Baltimore-Washington International Airport,Afternoon,13.792083946980854
Savannah/Hilton Head International Airport,Night,13.790229885057471
Aspen-Pitkin County Airport,Afternoon,13.785324439053973
Birmingham-Shuttlesworth International Airport,Morning,13.782547642928787
Erie International Airport,Afternoon,13.779874213836479
La Crosse Regional Airport,Afternoon,13.777372262773723
Missoula International Airport,Afternoon,13.770793036750483
Greenville-Spartanburg International Airport,Morning,13.76940565118545
Southwest Oregon Regional Airport (North Bend Municipal),Afternoon,13.768339768339768
Range Regional Airport (Chisholm-Hibbing Airport),Evening,13.768253968253969
Memphis International Airport,Evening,13.762424904423812
Monterey Regional Airport (Monterey Peninsula Airport),Morning,13.761818181818182
Phoenix Sky Harbor International Airport,Afternoon,13.75958412024688
Jackson-Evers International Airport,Morning,13.757068062827225
Jamestown Regional Airport,Afternoon,13.75438596491228
Bradley International Airport,Afternoon,13.740037071362373
Sarasota-Bradenton International Airport,Evening,13.734899328859061
Albert J. Ellis Airport,Afternoon,13.72930648769575
Ted Stevens Anchorage International Airport,Night,13.728866270851004
Harrisburg International Airport,Afternoon,13.722371967654986
Elko Regional Airport,Night,13.719806763285025
Jacksonville International Airport,Morning,13.70142545267754
Santa Barbara Municipal Airport (Santa Barbara Airport),Evening,13.700996677740864
Akron-Canton Regional Airport,Night,13.70061099796334
MBS International Airport,Evening,13.693037974683545
MBS International Airport,Afternoon,13.687868080094228
Nashville International Airport,Morning,13.685214458847087
Baton Rouge Metropolitan Airport,Morning,13.674094707520892
Augusta Regional Airport (Bush Field),Night,13.673267326732674
Santa Maria Public Airport (Capt G. Allan Hancock Field),Morning,13.654545454545454
Port Columbus International Airport,Night,13.65258855585831
Southwest Georgia Regional Airport,Evening,13.65
Helena Regional Airport,Evening,13.636363636363637
Lafayette Regional Airport,Evening,13.629901960784315
Tulsa International Airport,Morning,13.616348773841962
Will Rogers World Airport,Morning,13.599966538397188
Chicago Midway International Airport,Evening,13.5981741143581
McCarran International Airport,Night,13.596059701492537
The Eastern Iowa Airport,Afternoon,13.575134770889488
Fayetteville Regional Airport,Night,13.572649572649572
General Wayne A. Downing Peoria International Airport,Evening,13.567307692307692
Bozeman Yellowstone International Airport (Gallatin Field Airport),Afternoon,13.565656565656566
Henry E. Rohlsen Airport,Morning,13.56
Idaho Falls Regional Airport,Evening,13.556451612903226
Charleston International Airport/Charleston AFB,Morning,13.554992611357399
Melbourne International Airport,Morning,13.554913294797688
Trenton Mercer Airport,Afternoon,13.552739165985281
Cherry Capital Airport,Night,13.550161812297734
Portland International Jetport,Afternoon,13.544257112750264
Friedman Memorial Airport,Evening,13.538461538461538
Manchester-Boston Regional Airport,Evening,13.537313432835822
Bradley International Airport,Night,13.534274193548388
Mobile Regional Airport,Afternoon,13.533975084937712
Central Illinois Regional Airport at Bloomington-Normal,Morning,13.516705516705517
Southwest Georgia Regional Airport,Afternoon,13.506082725060827
Bill and Hillary Clinton National Airport (Adams Field),Night,13.50354609929078
Billings Logan International Airport,Night,13.502525252525253
Del Norte County Airport (Jack McNamara Field),Evening,13.5
Bert Mooney Airport,Morning,13.49671772428884
Yuma International Airport,Evening,13.493421052631579
Columbia Metropolitan Airport,Evening,13.487248322147652
Yeager Airport,Night,13.48
Gainesville Regional Airport,Evening,13.478125
Friedman Memorial Airport,Morning,13.468468468468469
Yuma International Airport,Afternoon,13.46701388888889
San Diego International Airport (Lindbergh Field),Evening,13.466998671978752
University of Illinois - Willard Airport,Morning,13.456078083407276
Lea County Regional Airport,Morning,13.451685393258426
Columbia Regional Airport,Afternoon,13.450320512820513
Raleigh-Durham International Airport,Night,13.448028673835125
McGhee Tyson Airport,Night,13.440758293838863
Evansville Regional Airport,Evening,13.438271604938272
Montrose Regional Airport,Evening,13.433333333333334
Reno/Tahoe International Airport,Morning,13.424733475479744
Montgomery Regional Airport,Afternoon,13.423580786026202
Pittsburgh International Airport,Evening,13.42325207607822
Bill and Hillary Clinton National Airport (Adams Field),Morning,13.417549516351912
University of Illinois - Willard Airport,Night,13.408163265306122
Jacksonville International Airport,Night,13.40695915279879
La Crosse Regional Airport,Morning,13.400271370420624
Bellingham International Airport,Afternoon,13.4
Greenville-Spartanburg International Airport,Afternoon,13.395712630359212
Garden City Regional Airport,Morning,13.395498392282958
Fort Wayne International Airport,Evening,13.388308977035491
Cleveland Hopkins International Airport,Evening,13.385659239403585
Lafayette Regional Airport,Afternoon,13.380132450331125
Palm Beach International Airport,Evening,13.375565610859729
Tallahassee International Airport,Night,13.362962962962962
McClellan-Palomar Airport,Morning,13.362745098039216
Louisville International Airport (Standiford Field),Night,13.362725450901804
Arcata Airport,Morning,13.35759493670886
Wilkes-Barre/Scranton International Airport,Evening,13.357142857142858
Cedar City Regional Airport,Evening,13.350943396226414
Golden Triangle Regional Airport,Afternoon,13.332247557003257
University Park Airport,Morning,13.32563025210084
Alexandria International Airport,Morning,13.324890829694324
McAllen-Miller International Airport (McAllen Miller International),Night,13.320512820512821
Kalamazoo/Battle Creek International Airport,Afternoon,13.316639741518578
Indianapolis International Airport,Evening,13.314315569487983
Wilmington Airport,Afternoon,13.307692307692308
Buffalo Niagara International Airport,Morning,13.297040456149878
Southwest Florida International Airport,Afternoon,13.291759465478842
Long Beach Airport (Daugherty Field),Morning,13.284455632473254
Lehigh Valley International Airport,Evening,13.282051282051283
Bill and Hillary Clinton National Airport (Adams Field),Afternoon,13.278661546900713
El Paso International Airport,Morning,13.271483195814048
Alexandria International Airport,Afternoon,13.261524822695035
Fort Smith Regional Airport,Night,13.254901960784315
Muskegon County Airport,Evening,13.251677852348994
Long Beach Airport (Daugherty Field),Night,13.25
Bangor International Airport,Evening,13.25
Chattanooga Metropolitan Airport (Lovell Field),Evening,13.23725834797891
Bob Hope Airport (Hollywood Burbank Airport),Night,13.222222222222221
Chippewa Valley Regional Airport,Afternoon,13.217592592592593
Erie International Airport,Evening,13.217391304347826
Luis Muñoz Marín International Airport,Morning,13.21036322947151
San Diego International Airport (Lindbergh Field),Afternoon,13.204515609776761
Norfolk International Airport,Afternoon,13.200874726647923
Springfield-Branson National Airport,Afternoon,13.19342105263158
Des Moines International Airport,Evening,13.193389592123768
Laramie Regional Airport,Night,13.18918918918919
Gulfport-Biloxi International Airport,Morning,13.186688311688311
Spokane International Airport,Evening,13.184251968503936
Kona International Airport at Keahole,Night,13.170731707317072
Rick Husband Amarillo International Airport,Night,13.169291338582678
Yeager Airport,Afternoon,13.161666666666667
Cedar City Regional Airport,Morning,13.16117216117216
Eugene Airport (Mahlon Sweet Field),Afternoon,13.15558510638298
Theodore Francis Green State Airport,Morning,13.148308135349172
Columbia Regional Airport,Evening,13.142857142857142
Pittsburgh International Airport,Night,13.141908212560386
Cleveland Hopkins International Airport,Afternoon,13.140675171396337
Akron-Canton Regional Airport,Evening,13.133709981167609
Fayetteville Regional Airport,Morning,13.130864197530864
Jackson-Evers International Airport,Evening,13.117106773823192
Portland International Airport,Morning,13.115167953265178
Mobile Regional Airport,Morning,13.113508442776736
Brownsville/South Padre Island International Airport,Night,13.111561866125761
Greater Binghamton Airport,Afternoon,13.11111111111111
El Paso International Airport,Afternoon,13.092367149758454
Buffalo Niagara International Airport,Evening,13.09147771696638
Pensacola International Airport (Pensacola Gulf Coast Regional Airport),Morning,13.090363572184962
Tucson International Airport,Afternoon,13.08249216846502
Dane County Regional Airport,Afternoon,13.075271894676588
Manchester-Boston Regional Airport,Night,13.06989247311828
Santa Fe Municipal Airport,Afternoon,13.062402496099844
Valdosta Regional Airport,Afternoon,13.059895833333334
Worcester Regional Airport,Afternoon,13.059347181008903
Gulfport-Biloxi International Airport,Night,13.058823529411764
Newport News/Williamsburg International Airport,Night,13.054794520547945
Melbourne International Airport,Night,13.051724137931034
Theodore Francis Green State Airport,Night,13.046324269889224
Jackson-Evers International Airport,Afternoon,13.043510598735589
Lewiston-Nez Perce County Airport,Afternoon,13.041666666666666
Norman Y. Mineta San José International Airport,Morning,13.033785026672389
Albany International Airport,Afternoon,13.03374655647383
Meadows Field,Evening,13.030303030303031
Columbus Metropolitan Airport,Night,13.027027027027026
Wilmington International Airport,Evening,13.02139037433155
St. George Regional Airport,Afternoon,13.018932874354562
Nantucket Memorial Airport,Morning,13.010752688172044
Fort Smith Regional Airport,Morning,13.006821282401091
Pago Pago International Airport (Tafuna Airport),Afternoon,13.0
Gillette-Campbell County Airport,Evening,13.0
Wilmington Airport,Night,13.0
Guam International Airport,Evening,13.0
Hilo International Airport,Night,13.0
Wilkes-Barre/Scranton International Airport,Afternoon,12.988165680473372
Indianapolis International Airport,Afternoon,12.975203123351271
Austin-Bergstrom International Airport,Night,12.968915845337376
Ted Stevens Anchorage International Airport,Evening,12.96675749318801
Baton Rouge Metropolitan Airport,Night,12.960992907801419
Laramie Regional Airport,Afternoon,12.95850622406639
Green Bay-Austin Straubel International Airport,Afternoon,12.956825396825398
Billings Logan International Airport,Evening,12.95054945054945
Charlottesville-Albemarle Airport,Morning,12.947932618683001
Tallahassee International Airport,Morning,12.942097026604069
Fayetteville Regional Airport,Afternoon,12.941721854304635
Gainesville Regional Airport,Afternoon,12.933816863100635
Delta County Airport,Afternoon,12.92468619246862
General Mitchell International Airport,Afternoon,12.920732257191812
Grand Junction Regional Airport (Walker Field),Afternoon,12.91891891891892
Tulsa International Airport,Afternoon,12.914269704893538
Norfolk International Airport,Night,12.905797101449275
Tucson International Airport,Morning,12.904380791912384
Spokane International Airport,Afternoon,12.897115139137094
Bob Hope Airport (Hollywood Burbank Airport),Morning,12.876413570274636
Wilmington International Airport,Afternoon,12.865546218487395
Durango-La Plata County Airport,Afternoon,12.865127582017012
Newport News/Williamsburg International Airport,Morning,12.85897435897436
Austin-Bergstrom International Airport,Morning,12.858891873321257
Juneau International Airport,Evening,12.851190476190476
Palm Beach International Airport,Morning,12.847889098928796
Redmond Municipal Airport (Roberts Field),Afternoon,12.847457627118644
Chicago Midway International Airport,Morning,12.844047241597972
Rick Husband Amarillo International Airport,Morning,12.842639593908629
Tri-Cities Airport,Afternoon,12.842191332788225
Phoenix Sky Harbor International Airport,Night,12.838755527479469
Manchester-Boston Regional Airport,Morning,12.824832775919733
Cyril E. King Airport,Evening,12.821052631578947
Long Beach Airport (Daugherty Field),Afternoon,12.809048569527612
Bismarck Municipal Airport,Evening,12.794605809128631
Lehigh Valley International Airport,Afternoon,12.789272030651341
Buffalo Niagara International Airport,Night,12.780931586608443
Montgomery Regional Airport,Night,12.778656126482213
Oakland International Airport,Night,12.778382581648522
Will Rogers World Airport,Afternoon,12.77435245510885
Missoula International Airport,Evening,12.77155172413793
Bishop International Airport,Morning,12.770967741935484
Buffalo Niagara International Airport,Afternoon,12.770374662031672
Guam International Airport,Morning,12.765243902439025
Manhattan Regional Airport,Morning,12.760968229954614
Hays Regional Airport,Morning,12.758928571428571
General Mitchell International Airport,Evening,12.753846153846155
St. Louis International Airport at Lambert Field,Night,12.74795081967213
Billings Logan International Airport,Morning,12.74074074074074
General Wayne A. Downing Peoria International Airport,Afternoon,12.737783895388851
San Luis Obispo County Regional Airport (McChesney Field),Night,12.733333333333333
Ted Stevens Anchorage International Airport,Morning,12.730345334313006
Sioux Gateway Airport,Afternoon,12.72549019607843
Pocatello Regional Airport,Morning,12.722054380664652
Atlantic City International Airport,Night,12.704301075268818
Niagara Falls International Airport,Night,12.700507614213198
Tucson International Airport,Evening,12.70048309178744
Great Falls International Airport,Afternoon,12.685393258426966
Sarasota-Bradenton International Airport,Night,12.68235294117647
Theodore Francis Green State Airport,Evening,12.68160741885626
Tyler Pounds Regional Airport,Night,12.681198910081743
Natrona County International Airport,Afternoon,12.67605633802817
Fairbanks International Airport,Evening,12.658371040723981
Chicago Midway International Airport,Afternoon,12.638437798515689
Pittsburgh International Airport,Afternoon,12.635733198839995
Theodore Francis Green State Airport,Afternoon,12.627701603532419
Eppley Airfield,Afternoon,12.62271001815481
Magic Valley Regional Airport (Joslin Field),Morning,12.617021276595745
Dubuque Regional Airport,Morning,12.616257088846881
Alpena County Regional Airport,Morning,12.608888888888888
Gainesville Regional Airport,Night,12.608695652173912
Billings Logan International Airport,Afternoon,12.60268231349539
Albert J. Ellis Airport,Night,12.601659751037344
San Diego International Airport (Lindbergh Field),Night,12.6
Elko Regional Airport,Morning,12.589403973509933
Daytona Beach International Airport,Night,12.586206896551724
Dane County Regional Airport,Evening,12.585690515806988
Columbia Metropolitan Airport,Night,12.579250720461095
Worcester Regional Airport,Morning,12.575757575757576
Palm Beach International Airport,Night,12.574102964118564
Gulfport-Biloxi International Airport,Afternoon,12.560386473429952
San Luis Obispo County Regional Airport (McChesney Field),Afternoon,12.560200668896321
Greenville-Spartanburg International Airport,Evening,12.559322033898304
Westerly State Airport,Evening,12.555555555555555
Del Norte County Airport (Jack McNamara Field),Afternoon,12.546511627906977
Arnold Palmer Regional Airport,Evening,12.545454545454545
Port Columbus International Airport,Afternoon,12.544952227466329
Valley International Airport,Night,12.543046357615895
Mercedita Airport,Night,12.533823529411764
Des Moines International Airport,Afternoon,12.53314121037464
Valdosta Regional Airport,Morning,12.51736111111111
Rock Springs-Sweetwater County Airport,Afternoon,12.51063829787234
Laredo International Airport,Night,12.506024096385541
Destin-Fort Walton Beach Airport/Eglin AFB,Evening,12.50531914893617
Ted Stevens Anchorage International Airport,Afternoon,12.50154593639576
Guam International Airport,Afternoon,12.5
Killeen-Fort Hood Regional Airport,Afternoon,12.494239631336406
Northwest Florida Beaches International Airport,Morning,12.493189557321227
Rafael Hernández Airport,Morning,12.487903225806452
Sitka Rocky Gutierrez Airport,Night,12.486381322957198
Redmond Municipal Airport (Roberts Field),Morning,12.485678704856786
Gillette-Campbell County Airport,Afternoon,12.460869565217392
Birmingham-Shuttlesworth International Airport,Evening,12.457382953181272
Santa Fe Municipal Airport,Evening,12.454545454545455
Luis Muñoz Marín International Airport,Night,12.432419196865817
Tampa International Airport,Afternoon,12.431825967797192
Rochester International Airport,Evening,12.430327868852459
Central Illinois Regional Airport at Bloomington-Normal,Evening,12.425
Bozeman Yellowstone International Airport (Gallatin Field Airport),Evening,12.422885572139304
Central Nebraska Regional Airport,Night,12.419512195121952
Baton Rouge Metropolitan Airport,Afternoon,12.418343653250774
Tampa International Airport,Morning,12.412030569479827
Redding Municipal Airport,Afternoon,12.410828025477707
Ketchikan International Airport,Morning,12.408194233687405
Kansas City International Airport,Morning,12.403505097053484
Lewiston-Nez Perce County Airport,Morning,12.402298850574713
Bert Mooney Airport,Afternoon,12.401069518716577
Tampa International Airport,Evening,12.391153512575888
Bishop International Airport,Evening,12.387362637362637
Wichita Dwight D. Eisenhower National Airport (Wichita Mid-Continent Airport),Afternoon,12.35806037251124
Lubbock Preston Smith International Airport,Morning,12.356614246068455
Alpena County Regional Airport,Afternoon,12.350515463917526
Fayetteville Regional Airport,Evening,12.339449541284404
Nashville International Airport,Afternoon,12.337652746072244
Eugene Airport (Mahlon Sweet Field),Evening,12.332225913621263
Appleton International Airport,Evening,12.324232081911262
Austin-Bergstrom International Airport,Afternoon,12.32304177545692
Quad City International Airport,Evening,12.311444652908067
Austin-Bergstrom International Airport,Evening,12.306397306397306
Luis Muñoz Marín International Airport,Evening,12.296913580246914
Midland International Airport,Morning,12.289136720363485
Portland International Airport,Night,12.279906176700548
Sacramento International Airport,Night,12.273494860499266
Worcester Regional Airport,Evening,12.268041237113403
Killeen-Fort Hood Regional Airport,Morning,12.245341614906833
Cherry Capital Airport,Evening,12.23157894736842
Southwest Florida International Airport,Evening,12.229800629590766
Port Columbus International Airport,Evening,12.219040626529614
The Eastern Iowa Airport,Evening,12.213896457765667
Reno/Tahoe International Airport,Afternoon,12.211115635179153
Killeen-Fort Hood Regional Airport,Night,12.210526315789474
Arnold Palmer Regional Airport,Afternoon,12.205387205387206
Lincoln Airport (Lincoln Municipal),Night,12.193771626297577
Boise Airport (Boise Air Terminal),Evening,12.1931602279924
Monroe Regional Airport,Morning,12.186823104693142
Toledo Express Airport,Evening,12.186813186813186
Wilmington International Airport,Night,12.184873949579831
Bill and Hillary Clinton National Airport (Adams Field),Evening,12.164697706740792
Eppley Airfield,Evening,12.157556270096464
Boise Airport (Boise Air Terminal),Afternoon,12.154916067146283
Chippewa Valley Regional Airport,Evening,12.152439024390244
Bellingham International Airport,Evening,12.152380952380952
Newport News/Williamsburg International Airport,Afternoon,12.145833333333334
Pensacola International Airport (Pensacola Gulf Coast Regional Airport),Evening,12.144292237442922
Albuquerque International Sunport,Morning,12.142259414225942
Sacramento International Airport,Morning,12.138145073980512
Laredo International Airport,Morning,12.138025594149909
Northwest Florida Beaches International Airport,Afternoon,12.13279802347128
Portland International Airport,Evening,12.120348959428211
Sarasota-Bradenton International Airport,Afternoon,12.119235095613048
Wichita Falls Municipal Airport/Sheppard AFB,Morning,12.116022099447514
Sitka Rocky Gutierrez Airport,Morning,12.11252268602541
Alexandria International Airport,Night,12.097619047619048
Kansas City International Airport,Afternoon,12.093888968584134
Wilmington Airport,Evening,12.088888888888889
Palm Springs International Airport,Evening,12.076271186440678
Will Rogers World Airport,Evening,12.067758071850841
Barkley Regional Airport,Evening,12.066666666666666
Monroe Regional Airport,Evening,12.06060606060606
Akron-Canton Regional Airport,Afternoon,12.057225195553725
Mercedita Airport,Morning,12.051724137931034
El Paso International Airport,Night,12.047923322683706
Ontario International Airport,Morning,12.047172339855267
Roswell International Air Center,Morning,12.036842105263158
Magic Valley Regional Airport (Joslin Field),Evening,12.01863354037267
Albuquerque International Sunport,Night,12.017661900756938
Southwest Oregon Regional Airport (North Bend Municipal),Evening,12.0
Cyril E. King Airport,Night,12.0
Lea County Regional Airport,Evening,12.0
Sarasota-Bradenton International Airport,Morning,11.991894630192503
McAllen-Miller International Airport (McAllen Miller International),Morning,11.985683607730852
Corpus Christi International Airport,Night,11.978313253012049
Dothan Regional Airport,Night,11.971428571428572
Corpus Christi International Airport,Afternoon,11.970407593523172
Atlantic City International Airport,Morning,11.967781908302355
Newport News/Williamsburg International Airport,Evening,11.959183673469388
Quad City International Airport,Afternoon,11.938709677419356
Idaho Falls Regional Airport,Afternoon,11.938116591928251
Northeast Florida Regional Airport (St. Augustine Airport),Afternoon,11.923076923076923
Montgomery Regional Airport,Evening,11.919075144508671
Tulsa International Airport,Evening,11.917857142857143
San Antonio International Airport,Morning,11.916227512266037
Helena Regional Airport,Afternoon,11.914396887159533
Albany International Airport,Evening,11.90896921017403
Corpus Christi International Airport,Morning,11.904169259489732
Niagara Falls International Airport,Evening,11.9
Long Beach Airport (Daugherty Field),Evening,11.882961783439491
Wichita Dwight D. Eisenhower National Airport (Wichita Mid-Continent Airport),Evening,11.87737843551797
Albuquerque International Sunport,Afternoon,11.875462077756533
Westerly State Airport,Afternoon,11.874371859296483
Henry E. Rohlsen Airport,Afternoon,11.874115983026874
Lihue Airport,Night,11.865384615384615
Baton Rouge Metropolitan Airport,Evening,11.864238410596027
Central Illinois Regional Airport at Bloomington-Normal,Afternoon,11.863431151241535
Bob Hope Airport (Hollywood Burbank Airport),Afternoon,11.857555619763074
Southwest Florida International Airport,Morning,11.856595264937994
McAllen-Miller International Airport (McAllen Miller International),Afternoon,11.84318766066838
Albuquerque International Sunport,Evening,11.841930729550478
Brownsville/South Padre Island International Airport,Morning,11.832278481012658
Cyril E. King Airport,Morning,11.831130690161528
Hattiesburg-Laurel Regional Airport,Afternoon,11.818965517241379
St. Louis International Airport at Lambert Field,Morning,11.805588284800539
San Antonio International Airport,Night,11.799481417458946
Norman Y. Mineta San José International Airport,Afternoon,11.76878846776806
San Antonio International Airport,Afternoon,11.766094998653138
Pueblo Memorial Airport,Morning,11.763513513513514
Henry E. Rohlsen Airport,Evening,11.76
Charlottesville-Albemarle Airport,Evening,11.756637168141593
Hattiesburg-Laurel Regional Airport,Morning,11.733128834355828
Myrtle Beach International Airport,Morning,11.725
Charleston International Airport/Charleston AFB,Night,11.699173553719008
Columbus Metropolitan Airport,Afternoon,11.681978798586572
Lawton-Fort Sill Regional Airport,Night,11.669811320754716
Lewiston-Nez Perce County Airport,Night,11.663522012578616
Portland International Airport,Afternoon,11.626280342360038
Fort Smith Regional Airport,Afternoon,11.621666666666666
Natrona County International Airport,Evening,11.610169491525424
Elko Regional Airport,Afternoon,11.584905660377359
McAllen-Miller International Airport (McAllen Miller International),Evening,11.579411764705883
Coastal Carolina Regional Airport (Craven County Regional),Morning,11.571428571428571
Rafael Hernández Airport,Night,11.56988082340195
Ketchikan International Airport,Afternoon,11.568935427574171
Chicago Midway International Airport,Night,11.567624177139438
McClellan-Palomar Airport,Evening,11.551282051282051
Corpus Christi International Airport,Evening,11.550387596899224
Monroe Regional Airport,Afternoon,11.549242424242424
Kona International Airport at Keahole,Evening,11.527397260273972
Meridian Regional Airport,Morning,11.526479750778817
Brownsville/South Padre Island International Airport,Afternoon,11.488865323435842
La Crosse Regional Airport,Evening,11.482954545454545
Abraham Lincoln Capital Airport,Afternoon,11.480243161094226
Midland International Airport,Afternoon,11.460945357023132
Manhattan Regional Airport,Evening,11.456521739130435
Coastal Carolina Regional Airport (Craven County Regional),Afternoon,11.453389830508474
Columbus Metropolitan Airport,Evening,11.451612903225806
Lake Charles Regional Airport,Morning,11.450199203187251
Kansas City International Airport,Evening,11.449520586576424
Hays Regional Airport,Afternoon,11.444444444444445
Dallas Love Field,Morning,11.416833578136822
Kahului Airport,Night,11.416666666666666
Dallas Love Field,Evening,11.408217410010039
St. Louis International Airport at Lambert Field,Afternoon,11.406304493628438
Barkley Regional Airport,Morning,11.392670157068062
Fairbanks International Airport,Afternoon,11.374792703150913
Lincoln Airport (Lincoln Municipal),Evening,11.374015748031496
Easterwood Airport,Night,11.367647058823529
Gustavus Airport,Evening,11.36
Tucson International Airport,Night,11.35344827586207
Tampa International Airport,Night,11.343649258542875
Oakland International Airport,Morning,11.314860834990059
Sacramento International Airport,Evening,11.30421533773489
Arcata Airport,Afternoon,11.302277432712215
Dallas Love Field,Afternoon,11.297029239766083
Columbus Metropolitan Airport,Morning,11.28888888888889
Waterloo Regional Airport,Afternoon,11.284644194756554
Long Island MacArthur Airport,Night,11.268221574344023
Norman Y. Mineta San José International Airport,Evening,11.265049415992813
Barkley Regional Airport,Afternoon,11.261744966442953
Lea County Regional Airport,Afternoon,11.260416666666666
Hays Regional Airport,Evening,11.25
Mobile Regional Airport,Evening,11.244292237442922
Manhattan Regional Airport,Afternoon,11.219594594594595
Alexandria International Airport,Evening,11.20775623268698
Gulfport-Biloxi International Airport,Evening,11.181512605042016
Jack Brooks Regional Airport (Southeast Texas Regional),Morning,11.17674418604651
Pueblo Memorial Airport,Afternoon,11.175257731958762
Pocatello Regional Airport,Afternoon,11.152866242038217
Dubuque Regional Airport,Afternoon,11.149068322981366
Joplin Regional Airport,Afternoon,11.142394822006473
University of Illinois - Willard Airport,Afternoon,11.13345521023766
Louis Armstrong New Orleans International Airport,Afternoon,11.114154652686763
Wichita Falls Municipal Airport/Sheppard AFB,Afternoon,11.108761329305135
Nashville International Airport,Evening,11.101602225846685
Atlantic City International Airport,Evening,11.096026490066226
Laredo International Airport,Afternoon,11.094089264173704
Ketchikan International Airport,Evening,11.093360995850622
Martha's Vineyard Airport,Evening,11.057471264367816
Magic Valley Regional Airport (Joslin Field),Afternoon,11.044444444444444
Myrtle Beach International Airport,Afternoon,11.037393162393162
Louis Armstrong New Orleans International Airport,Morning,11.017650505346419
Atlantic City International Airport,Afternoon,11.016028495102404
Coastal Carolina Regional Airport (Craven County Regional),Night,11.014492753623188
Toledo Express Airport,Afternoon,11.006756756756756
El Paso International Airport,Evening,11.0
Rick Husband Amarillo International Airport,Afternoon,10.98840579710145
Honolulu International Airport,Night,10.986258865248226
Dallas Love Field,Night,10.981900452488688
Brownsville/South Padre Island International Airport,Evening,10.973684210526315
William P. Hobby Airport,Morning,10.948518423086833
Barnstable Municipal Airport,Afternoon,10.901234567901234
San Angelo Regional Airport (Mathis Field),Night,10.897435897435898
Shreveport Regional Airport,Night,10.895008605851979
McClellan-Palomar Airport,Afternoon,10.885304659498209
Pago Pago International Airport (Tafuna Airport),Evening,10.848484848484848
Aberdeen Regional Airport,Evening,10.833333333333334
John Wayne Airport (Orange County Airport),Afternoon,10.81144445236229
Golden Triangle Regional Airport,Evening,10.8
Joplin Regional Airport,Evening,10.8
Sacramento International Airport,Afternoon,10.781561663828752
Killeen-Fort Hood Regional Airport,Evening,10.780269058295964
Southwest Georgia Regional Airport,Morning,10.773869346733669
Jack Brooks Regional Airport (Southeast Texas Regional),Afternoon,10.761627906976743
University of Illinois - Willard Airport,Evening,10.76126126126126
Meridian Regional Airport,Afternoon,10.75
Myrtle Beach International Airport,Evening,10.718146718146718
Green Bay-Austin Straubel International Airport,Evening,10.709523809523809
Bob Hope Airport (Hollywood Burbank Airport),Evening,10.683818225534985
Bemidji Regional Airport,Evening,10.666666666666666
Louis Armstrong New Orleans International Airport,Evening,10.665850199819518
Louis Armstrong New Orleans International Airport,Night,10.663787785317705
Toledo Express Airport,Night,10.641891891891891
Shreveport Regional Airport,Morning,10.63639705882353
Santa Fe Municipal Airport,Night,10.626506024096386
San Antonio International Airport,Evening,10.624644164294429
Wichita Falls Municipal Airport/Sheppard AFB,Evening,10.606425702811245
Bishop International Airport,Afternoon,10.593968766828217
Sitka Rocky Gutierrez Airport,Evening,10.56838905775076
Tyler Pounds Regional Airport,Morning,10.552401746724891
Sitka Rocky Gutierrez Airport,Afternoon,10.551351351351352
Rafael Hernández Airport,Afternoon,10.540880503144654
University Park Airport,Afternoon,10.504477611940299
Oakland International Airport,Evening,10.504262709188506
Ontario International Airport,Afternoon,10.503896103896103
King Salmon Airport,Evening,10.5
Lubbock Preston Smith International Airport,Afternoon,10.494148936170212
Long Island MacArthur Airport,Morning,10.468048359240068
Key West International Airport,Morning,10.465290806754222
Shreveport Regional Airport,Afternoon,10.459328028293546
Central Wisconsin Airport,Afternoon,10.448613376835237
Midland International Airport,Evening,10.435011269722013
Niagara Falls International Airport,Morning,10.4
Arcata Airport,Evening,10.394736842105264
Waco Regional Airport,Night,10.361940298507463
Jack Brooks Regional Airport (Southeast Texas Regional),Evening,10.354037267080745
Ontario International Airport,Evening,10.323585505403686
Southwest Georgia Regional Airport,Night,10.305555555555555
Tyler Pounds Regional Airport,Afternoon,10.302405498281788
Kahului Airport,Afternoon,10.29284879396451
William P. Hobby Airport,Afternoon,10.266854437586145
St. Louis International Airport at Lambert Field,Evening,10.25735828488372
Rock Springs-Sweetwater County Airport,Evening,10.23076923076923
Roswell International Air Center,Afternoon,10.223443223443223
East Texas Regional Airport,Morning,10.221122112211221
Hattiesburg-Laurel Regional Airport,Evening,10.2
Kona International Airport at Keahole,Afternoon,10.192077573756963
Myrtle Beach International Airport,Night,10.117647058823529
Lake Charles Regional Airport,Evening,10.116279069767442
Lake Charles Regional Airport,Afternoon,10.070838252656435
Rick Husband Amarillo International Airport,Evening,10.021194605009635
Pago Pago International Airport (Tafuna Airport),Night,10.0
Eagle County Regional Airport,Night,10.0
Muskegon County Airport,Night,10.0
Abilene Regional Airport,Night,9.974452554744525
Redding Municipal Airport,Evening,9.926470588235293
Lubbock Preston Smith International Airport,Night,9.895
Long Island MacArthur Airport,Afternoon,9.811139564660692
Lubbock Preston Smith International Airport,Evening,9.75
William P. Hobby Airport,Evening,9.738312970956178
Key West International Airport,Afternoon,9.70250606305578
Easterwood Airport,Morning,9.696917808219178
Oakland International Airport,Afternoon,9.680888888888889
Lawton-Fort Sill Regional Airport,Evening,9.657142857142857
Kahului Airport,Evening,9.593206565902811
Valley International Airport,Afternoon,9.57760453579022
William P. Hobby Airport,Night,9.576221735959153
Laredo International Airport,Evening,9.561983471074381
Tyler Pounds Regional Airport,Evening,9.558882235528943
Northeast Florida Regional Airport (St. Augustine Airport),Morning,9.55
Northwest Florida Beaches International Airport,Evening,9.541284403669724
Yakutat Airport,Afternoon,9.476190476190476
Nome Airport,Morning,9.444444444444445
Abilene Regional Airport,Morning,9.419182948490231
Valley International Airport,Morning,9.372188139059304
Lawton-Fort Sill Regional Airport,Morning,9.341025641025642
John Wayne Airport (Orange County Airport),Evening,9.31704410011919
Fort Smith Regional Airport,Evening,9.31055900621118
Central Nebraska Regional Airport,Afternoon,9.304498269896193
Kona International Airport at Keahole,Morning,9.259864364981505
Texarkana Regional Airport (Webb Field),Morning,9.237749546279492
Meridian Regional Airport,Evening,9.21671826625387
Lihue Airport,Evening,9.207843137254901
San Angelo Regional Airport (Mathis Field),Morning,9.197802197802197
Petersburg James A. Johnson Airport,Morning,9.194805194805195
Key West International Airport,Evening,9.165680473372781
San Angelo Regional Airport (Mathis Field),Afternoon,9.021937842778794
Texarkana Regional Airport (Webb Field),Night,9.0
Key West International Airport,Night,9.0
Rafael Hernández Airport,Evening,9.0
Waco Regional Airport,Morning,8.970074812967582
East Texas Regional Airport,Afternoon,8.956896551724139
Valdosta Regional Airport,Night,8.943965517241379
Shreveport Regional Airport,Evening,8.934959349593496
Hilo International Airport,Evening,8.92779369627507
Garden City Regional Airport,Afternoon,8.837423312883436
Central Wisconsin Airport,Evening,8.833333333333334
Petersburg James A. Johnson Airport,Afternoon,8.823170731707316
Long Island MacArthur Airport,Evening,8.798657718120806
Lawton-Fort Sill Regional Airport,Afternoon,8.753213367609254
Lihue Airport,Afternoon,8.730961015412511
Pocatello Regional Airport,Evening,8.666666666666666
Waco Regional Airport,Afternoon,8.653846153846153
Texarkana Regional Airport (Webb Field),Afternoon,8.642857142857142
Abilene Regional Airport,Evening,8.63855421686747
Yakutat Airport,Morning,8.625874125874127
Valley International Airport,Evening,8.624242424242425
Abilene Regional Airport,Afternoon,8.606529209621993
Hilo International Airport,Afternoon,8.544526375496313
Gustavus Airport,Afternoon,8.509803921568627
Roswell International Air Center,Evening,8.5
Northeast Florida Regional Airport (St. Augustine Airport),Evening,8.488888888888889
San Angelo Regional Airport (Mathis Field),Evening,8.464968152866241
Texarkana Regional Airport (Webb Field),Evening,8.426621160409557
Easterwood Airport,Afternoon,8.424065420560748
Martha's Vineyard Airport,Afternoon,8.387931034482758
Adak Airport,Afternoon,8.318181818181818
Hilo International Airport,Morning,8.317084282460137
Kahului Airport,Morning,8.294581689848453
Waco Regional Airport,Evening,8.282828282828282
Wrangell Airport,Morning,8.277777777777779
Meridian Regional Airport,Night,8.25
Merle K. (Mudhole) Smith Airport,Afternoon,8.157076205287714
Adak Airport,Evening,8.068181818181818
Easterwood Airport,Evening,8.022727272727273
Merle K. (Mudhole) Smith Airport,Evening,8.0
Plattsburgh International Airport,Morning,8.0
Valdez Airport,Morning,7.913043478260869
East Texas Regional Airport,Evening,7.845360824742268
Deadhorse Airport (Prudhoe Bay Airport),Morning,7.783870967741936
King Salmon Airport,Afternoon,7.688524590163935
Ralph Wien Memorial Airport,Morning,7.638686131386861
Wiley Post-Will Rogers Memorial Airport,Afternoon,7.627906976744186
Bethel Airport,Morning,7.572687224669603
Wrangell Airport,Afternoon,7.4937888198757765
Nome Airport,Afternoon,7.391143911439114
Lihue Airport,Morning,7.387370753323486
Dillingham Airport,Afternoon,7.337662337662338
Petersburg James A. Johnson Airport,Evening,7.333333333333333
Wiley Post-Will Rogers Memorial Airport,Morning,7.269430051813472
Ralph Wien Memorial Airport,Evening,7.193548387096774
Bethel Airport,Afternoon,7.131901840490798
Kodiak Airport,Morning,7.074074074074074
Southwest Oregon Regional Airport (North Bend Municipal),Morning,7.0
Yakutat Airport,Evening,6.893687707641196
Deadhorse Airport (Prudhoe Bay Airport),Afternoon,6.852090032154341
Canyonlands Field,Morning,6.836956521739131
Bethel Airport,Evening,6.819018404907975
Kodiak Airport,Evening,6.733333333333333
Ralph Wien Memorial Airport,Afternoon,6.666666666666667
Nome Airport,Evening,6.603174603174603
Wiley Post-Will Rogers Memorial Airport,Evening,6.41
Valdez Airport,Evening,6.392156862745098
Kodiak Airport,Afternoon,6.331010452961673
Canyonlands Field,Afternoon,6.247787610619469
Deadhorse Airport (Prudhoe Bay Airport),Evening,6.1139896373057
Flagstaff Pulliam Airport,Night,6.0
Northeast Florida Regional Airport (St. Augustine Airport),Night,6.0
Ralph Wien Memorial Airport,Night,6.0
Wrangell Airport,Evening,5.619047619047619
Martha's Vineyard Airport,Night,5.5
Valdez Airport,Afternoon,5.411764705882353
Bethel Airport,Night,5.0
Deadhorse Airport (Prudhoe Bay Airport),Night,4.0
Nome Airport,Night,4.0
